DATE,Open,High,Low,Close,Volume,Change,MACD,Signal,PSAR,upper,middle,lower,SlowK,SlowD,ROC,OBV,FI,keyword,view_log_like_sum,view_log_like_avg,count,trend,DAY,SENTIMENT,EVENT
2023-01-02,46550.0,49000.0,45950.0,48050.0,1483247.0,0.0957810718358038,686.6851878301677,731.1131684876161,42450.0,47632.663771325424,45037.5,42442.336228674576,38.7253179619592,30.89979431200808,6.070640176600439,2124425.0,6229637400.0,69.27633000000002,0.0,0.0,0.0,4.168033563738904,월,126.0277022566667,28.54838486533334
2023-01-03,47500.0,50800.0,47500.0,49500.0,1176815.0,0.0301768990634756,977.7768455275946,780.4459038956118,42450.0,48489.36434452113,45245.0,42000.63565547887,65.05084871862768,42.378023346163424,12.372304199772977,3301240.0,1706381750.0,60.65854,0.0,0.0,0.0,4.105260433391818,화,119.020562598,-33.33153299999999
2023-01-04,49800.0,50000.0,48350.0,48800.0,505379.0,-0.0141414141414141,1138.8568981905046,852.1281027545904,42784.0,49006.7081844548,45502.5,41998.2918155452,81.99174170742486,61.92263612933726,7.726269315673284,2795861.0,-353765300.0,53.81251,0.0,0.0,0.0,3.985505968018362,수,209.513567173,74.96573572
2023-01-05,49250.0,50100.0,48250.0,49100.0,445150.0,0.0061475409836064,1276.0124163943185,936.904965482536,43104.64,49529.032240877445,45745.0,41960.96775912256,80.03992015968066,75.69417019524441,4.802561366061897,3241011.0,133545000.0,51.66777999999999,0.0,0.0,0.0,3.9448343764060714,목,277.915244361,
2023-01-06,48700.0,49900.0,46950.0,49600.0,580137.0,0.010183299389002,1408.8150313244332,1031.2869786509154,43412.4544,50068.22703854145,46027.5,41986.77296145855,80.43912175648705,80.82359454119755,12.09039548022599,3821148.0,290068500.0,45.43369,0.0,0.0,0.0,3.8162539003337175,금,269.6111036342,
2023-01-09,50000.0,50500.0,48350.0,48800.0,569291.0,-0.0161290322580645,1432.9901281349305,1111.6276085477184,43707.956224,50402.52979727201,46207.5,42012.47020272799,80.43912175648705,80.3060545575516,9.4170403587444,3251857.0,-455432800.0,54.72752,128543.98785177119,32135.996962942798,1.3333333333333333,7.9500538272006045,월,-2.343486916333333,
2023-01-10,48750.0,48850.0,46850.0,47000.0,566170.0,-0.0368852459016393,1292.0106156287948,1147.7042099639336,43991.63797504,50476.377399732126,46312.5,42148.622600267874,72.05588822355291,77.64471057884236,-1.5706806282722474,2685687.0,-1019106000.0,43.50847,0.0,0.0,0.0,3.7729556317842703,화,0.333059783,
2023-01-11,47200.0,48150.0,47000.0,47900.0,278938.0,0.0191489361702128,1238.6276857094126,1165.8889051130295,44263.9724560384,50600.837308028655,46495.0,42389.16269197135,65.26946107784433,72.58815701929478,4.017372421281218,2964625.0,251044200.0,52.86058,0.0,0.0,0.0,3.9676578814958186,수,264.358589141,
2023-01-12,48550.0,49500.0,48050.0,48650.0,429192.0,0.0156576200417537,1242.517097473894,1181.2145435852024,44525.41355779686,50832.497002397,46662.5,42492.502997603,64.67065868263475,67.33200266134402,7.276736493936053,3393817.0,321894000.0,44.62746,0.0,0.0,0.0,3.7983493646308384,목,99.949087284,
2023-01-13,48650.0,49150.0,47650.0,49050.0,371950.0,0.0082219938335046,1263.3134503096153,1197.6343249300849,44776.39701548499,51025.14817362244,46912.5,42799.85182637756,72.8542914171657,67.59813705921495,9.000000000000007,3765767.0,148780000.0,47.36473,602185.1333580633,150546.28333951582,4.0,16.424297752808872,금,158.978361475,
2023-01-16,49100.0,49500.0,48100.0,48350.0,327658.0,-0.0142711518858308,1209.369698824099,1199.9813997088877,45017.34113486559,51153.28815031426,47065.0,42976.71184968574,74.65069860279444,70.72521623419833,12.967289719626171,3438109.0,-229360600.0,40.25447,0.0,0.0,0.0,3.7230438649832127,월,207.2611487825,
2023-01-17,48650.0,49250.0,48000.0,48100.0,192916.0,-0.0051706308169596,1133.3810650525556,1186.6613327776213,45248.64748947096,51238.88358706652,47127.5,43016.11641293348,72.4550898203593,73.32002661343984,9.692132269099195,3245193.0,-48229000.0,42.39531,0.0,0.0,0.0,3.7470377429122728,화,460.55732248,
2023-01-18,48100.0,49650.0,48100.0,49650.0,407679.0,0.0322245322245322,1184.5765107865009,1186.2443683793972,45470.70158989212,51425.95814177087,47397.5,43369.04185822913,74.85029940119763,73.98536260811714,3.329864724245568,3652872.0,631902450.0,39.77851,539133.0542131959,134783.26355329898,4.0,16.1391441763729,수,35.90667195500001,
2023-01-19,49900.0,52700.0,49500.0,52600.0,917357.0,0.0594159113796575,1446.5150906545605,1238.29851283443,45683.87352629644,52206.18177576926,47797.5,43388.81822423074,84.1369113624603,77.14743352800576,6.2626262626262585,4570229.0,2706203150.0,44.76735,0.0,0.0,0.0,3.801479079078165,목,1107.6700965485,
2023-01-20,52300.0,52900.0,51100.0,51900.0,502196.0,-0.0133079847908744,1579.412666441167,1306.521343555777,46104.841114718656,52762.08944628961,48005.0,43247.91055371039,89.40571260295451,82.79764112220415,6.3524590163934525,4068033.0,-351537200.0,39.91255999999999,0.0,0.0,0.0,3.686691061328214,금,898.6464984027,192.230694207
2023-01-25,52000.0,52100.0,50200.0,51000.0,487112.0,-0.0173410404624277,1593.7408222119702,1363.965239287016,46648.45382554116,53091.35058665795,48252.5,43413.64941334205,83.52821140699932,85.6902784574714,3.86965376782078,3580921.0,-438400800.0,40.83986666666667,0.0,0.0,0.0,3.7144439566657326,수,125.56240677966667,
2023-01-26,51100.0,51900.0,50400.0,50900.0,408397.0,-0.0019607843137254,1578.827088730839,1406.9376091757806,47148.57751949787,53307.38422151704,48530.0,43752.61577848296,73.00275482093666,81.97889294363019,2.620967741935476,3172524.0,-40839700.0,49.53663,0.0,0.0,0.0,3.902712395909645,목,75.06252333,
2023-01-27,50700.0,51900.0,50600.0,51500.0,321643.0,0.0117878192534381,1597.0134560748993,1444.9527785556045,47608.69131793804,53510.41620051312,48855.0,44199.58379948688,70.79889807162537,75.77662143318715,5.5327868852459,3494167.0,192985800.0,51.79600000000001,0.0,0.0,0.0,3.947312926206594,금,94.839286233,
2023-01-30,51400.0,51900.0,50600.0,50800.0,295372.0,-0.0135922330097086,1537.221995092892,1463.406621863062,48031.996012503,53057.22303396316,49255.0,45452.77696603684,69.69696969696973,71.16620752984396,8.085106382978724,3198795.0,-206760400.0,43.85233,0.0,0.0,0.0,3.9525212127328753,월,46.91102797666667,
2023-01-31,50100.0,52300.0,50000.0,51900.0,382341.0,0.0216535433070865,1560.6079217298611,1482.8468818364215,48421.43633150276,52717.77368057172,49657.5,46597.22631942828,75.20661157024796,71.90082644628104,8.350730688935283,3581136.0,420575100.0,40.97133,0.0,0.0,0.0,3.712872553809517,화,30.23859022,
2023-02-01,52000.0,52400.0,51300.0,52000.0,239188.0,0.0019267822736031,1569.1227312405465,1500.1020517172467,48779.72142498254,52983.88158932229,49855.0,46726.11841067771,77.83536443012564,74.2463152324478,6.885919835560128,3820324.0,23918800.0,51.14518999999999,0.0,0.0,0.0,3.934668450830216,수,242.616677828,
2023-02-02,52300.0,52900.0,51200.0,51700.0,373732.0,-0.0057692307692307,1533.980513834489,1506.877744140695,49109.343710983936,53189.453442058046,49965.0,46740.546557941954,81.7865647449623,78.27618024844533,5.402650356778804,3446592.0,-112119600.0,47.00142,0.0,0.0,0.0,3.85017781401962,목,514.7668705560001,
2023-02-03,51900.0,53400.0,51600.0,52800.0,516089.0,0.0212765957446807,1576.715465851572,1520.8452884828705,49412.59621410522,53566.925925119474,50165.0,46763.074074880526,83.81794574867533,81.14662497458778,9.2037228541882,3962681.0,567697900.0,44.12625,0.0,0.0,0.0,3.787054843464112,금,165.673355761,
2023-02-06,52800.0,53200.0,52000.0,52200.0,249838.0,-0.0113636363636363,1544.3657505845913,1525.5493809032146,49811.3365926947,53795.39925763933,50320.0,46844.60074236067,81.49528410397978,82.36659819920582,8.523908523908519,3712843.0,-149902800.0,40.76345,0.0,0.0,0.0,3.696263091756274,월,56.37322108366667,
2023-02-07,52400.0,53000.0,51700.0,52200.0,298839.0,0.0,1501.4209223773069,1520.723689198033,50170.20293342523,54001.61934897309,50450.0,46898.38065102691,81.70692431562,82.34005138942506,5.1359516616314105,3712843.0,0.0,37.86107,0.0,0.0,0.0,3.633923407399774,화,0.239948317,
2023-02-08,52700.0,53700.0,52200.0,53300.0,443590.0,0.0210727969348658,1538.413767259044,1524.2617048102352,50493.18264008271,54348.07772855408,50675.0,47001.92227144592,82.80423280423284,82.00214707461089,1.3307984790874583,4156433.0,487949000.0,37.251070000000006,0.0,0.0,0.0,3.6176806692452335,수,166.986445506,
2023-02-09,53300.0,54000.0,52700.0,53200.0,318070.0,-0.0018761726078799,1541.8877765850848,1527.786919165205,50878.00072327278,54402.76242591553,50985.0,47567.23757408447,84.28571428571432,82.93229046852241,2.5048169556840083,3838363.0,-31807000.0,40.08351,0.0,0.0,0.0,3.6909650277924553,목,92.301478182,
2023-02-10,54100.0,55000.0,52500.0,52600.0,825218.0,-0.0112781954887217,1479.174960227021,1518.0645273775683,51315.08062201459,54394.64958696232,51220.0,48045.35041303768,75.69312169312174,80.92768959435632,3.137254901960796,3013145.0,-495130800.0,56.77123,0.0,0.0,0.0,4.039029683321007,금,7.654461267000002,
2023-02-13,52900.0,53800.0,51800.0,52000.0,298458.0,-0.0114068441064638,1365.3210447302265,1487.5158308481,55000.0,54348.3909132219,51387.5,48426.6090867781,58.07407407407411,72.68430335097008,2.16110019646365,2714687.0,-179074800.0,46.79939,0.0,0.0,0.0,3.731111565265427,월,-68.3772392449,
2023-02-14,52000.0,52800.0,51400.0,52300.0,253823.0,0.0057692307692307,1284.4916688312514,1446.9109984447302,55000.0,54331.18679703468,51550.0,48768.81320296532,46.00000000000004,59.92239858906532,1.553398058252431,2968510.0,76146900.0,41.27438,0.0,0.0,0.0,3.7202419684940993,화,85.801773053,
2023-02-15,52400.0,52600.0,50300.0,50600.0,393207.0,-0.0325047801147228,1070.913192912325,1371.7114373382492,54856.0,54074.3198523107,51662.5,49250.6801476893,32.66666666666671,45.580246913580304,-0.3937007874015741,2575303.0,-668451900.0,40.30888,0.0,0.0,0.0,3.696571792074257,수,-202.887288261,
2023-02-16,51100.0,52900.0,50900.0,52800.0,328850.0,0.0434782608695651,1066.8740657061935,1310.743963011838,54582.64,53718.61916139499,51897.5,50076.38083860501,38.00000000000004,38.88888888888894,1.734104046242768,2904153.0,723470000.0,43.29089,0.0,0.0,0.0,3.7679422202631145,목,48.42639570199999,
2023-02-17,51800.0,52300.0,50500.0,50800.0,278035.0,-0.0378787878787878,892.007238798753,1226.9966181692212,54325.6816,53546.82285446592,51955.0,50363.177145534086,28.00000000000004,32.88888888888895,-2.3076923076923106,2626118.0,-556070000.0,40.75958000000001,0.0,0.0,0.0,3.707690904081612,금,99.91138547400001,
2023-02-20,51200.0,53400.0,50800.0,53200.0,449489.0,0.0472440944881888,936.2909813778388,1168.8554908109447,54084.140704,53645.45174576077,51985.0,50324.54825423923,44.567375886524864,36.855791962175005,2.9013539651837617,3075607.0,1078773600.0,38.87516,0.0,0.0,0.0,3.6050891705332617,월,102.5881190903333,
2023-02-21,52800.0,54200.0,52000.0,53900.0,340805.0,0.013157894736842,1016.1566944369188,1138.3157315361395,50300.0,53942.17527444234,52085.0,50227.82472555766,51.43262411347522,41.3333333333334,2.083333333333326,3416412.0,238563500.0,37.97569,0.0,0.0,0.0,3.636946218165352,화,-47.99524,
2023-02-22,53000.0,55400.0,53000.0,54500.0,571923.0,0.0111317254174396,1115.0126611420492,1133.6551174573217,50378.0,54323.39526024463,52260.0,50196.60473975537,73.55027117229876,56.516757057432976,4.4061302681992265,3988335.0,343153800.0,40.04855,0.0,0.0,0.0,3.690092468114891,수,-192.207151943,
2023-02-23,54800.0,55000.0,53700.0,54800.0,346688.0,0.0055045871559633,1203.6888440461553,1147.661862775088,50578.88,54696.85191303976,52455.0,50213.148086960246,82.39465999165628,69.12585175914344,4.980842911877392,4335023.0,104006400.0,43.7824,0.0,0.0,0.0,3.779231910144487,목,124.74386762,
2023-02-24,54300.0,54500.0,52700.0,53100.0,350534.0,-0.031021897810219,1123.8346985260505,1142.8964299252807,50771.7248,54748.842812848285,52535.0,50321.15718715172,75.1633986928105,77.03610995225522,-0.3752345215759844,3984489.0,-595907800.0,40.24281,0.0,0.0,0.0,3.694931354367328,금,882.6961178614999,-33.139607
2023-02-27,53100.0,54600.0,52800.0,53900.0,294718.0,0.015065913370998,1112.2813400869272,1136.77341195761,50956.85580799999,54829.06521639711,52690.0,50550.93478360289,71.24183006535954,76.26662958327546,1.3157894736842035,4279207.0,235774400.0,35.42882,0.0,0.0,0.0,3.573552110930842,월,90.36966408400001,28.562796191
2023-02-28,54200.0,58100.0,53900.0,58000.0,1009174.0,0.0760667903525047,1417.6195197703855,1192.9426335201651,51134.58157567999,56112.35464777429,52995.0,49877.64535222571,74.73604826546008,73.71375900787673,10.2661596958175,5288381.0,4137613400.0,39.0636,0.0,0.0,0.0,3.665191087100135,화,74.895929882,
2023-03-02,58000.0,58900.0,57400.0,57500.0,420985.0,-0.0086206896551723,1600.8033412344012,1274.5147750630124,51552.5066811392,56913.67945900843,53270.0,49626.32054099157,84.34237141487489,76.77341658189819,10.576923076923084,4867396.0,-210492500.0,33.396775,0.0,0.0,0.0,3.5064746981554444,목,7.730573109749997,
2023-03-03,57700.0,58700.0,56200.0,57100.0,364172.0,-0.0069565217391304,1694.1718242476927,1358.4461848999483,52140.30614664806,57467.54376169127,53540.0,49612.45623830873,87.16954879745583,82.08265615926364,9.177820267686432,4503224.0,-145668800.0,33.5852,0.0,0.0,0.0,3.514085493740549,금,77.94453124239999,
2023-03-06,56800.0,58000.0,56000.0,57200.0,373402.0,0.0017513134851139,1755.9941761897644,1437.9557831579118,52681.08165491621,57979.19423587016,53760.0,49540.80576412984,81.00775193798455,84.17322405010512,13.043478260869556,4876626.0,37340200.0,36.33024,0.0,0.0,0.0,3.6650890452743154,월,79.33497163366667,
2023-03-07,58300.0,60700.0,57600.0,59500.0,932319.0,0.0402097902097902,1967.8949456464836,1543.9436156556262,53178.59512252292,58959.40792652006,54125.0,49290.59207347994,82.58795468097799,83.58841847213948,12.689393939393945,5808945.0,2144333700.0,39.25204,0.0,0.0,0.0,3.670003417400082,화,151.831864114,0.008667292
2023-03-08,59900.0,62400.0,59800.0,60300.0,737212.0,0.0134453781512604,2175.3055776066394,1670.2160080458289,53930.73561027063,59970.624964101095,54530.0,49089.375035898905,83.68234592584804,82.42601751493689,18.700787401574797,6546157.0,589769600.0,39.08885,0.0,0.0,0.0,3.665837260083287,수,94.839212687,
2023-03-09,60400.0,60400.0,57900.0,58400.0,425873.0,-0.0315091210613598,2161.450026263657,1768.4628116893946,54947.04733703815,60444.77914763465,54785.0,49125.22085236535,79.06701141995266,81.77910400892625,9.774436090225567,6120284.0,-809158700.0,44.00581,0.0,0.0,0.0,3.7843216706555727,목,-99.96000951650001,
2023-03-10,57500.0,59500.0,57200.0,57500.0,340292.0,-0.0154109589041095,2054.1677563936464,1825.603800630245,55841.40165659357,60728.87423496101,55000.0,49271.125765039,68.83270549599156,77.19402094726411,6.679035250463827,5779992.0,-306262800.0,31.06749,0.0,0.0,0.0,3.4361619348181827,금,408.8185211619,
2023-03-13,56300.0,56700.0,53400.0,54600.0,716318.0,-0.0504347826086956,1715.3663454539635,1803.5563095949888,62400.0,60726.72195865408,55100.0,49473.27804134592,49.71505843716803,65.87159178437078,0.1834862385321045,5063674.0,-2077322200.0,35.81542,0.0,0.0,0.0,3.592542020961394,월,50.58891626133333,
2023-03-14,55000.0,55000.0,52800.0,53200.0,424000.0,-0.0256410256410256,1318.6943984732643,1706.5839273706438,62220.0,60677.75316591817,55160.0,49642.24683408183,29.304419954971024,49.28406129604357,-2.9197080291970767,4639674.0,-593600000.0,31.27925,0.0,0.0,0.0,3.442954938407561,화,146.808866446,
2023-03-15,54200.0,54600.0,52100.0,52800.0,443552.0,-0.0075187969924812,960.9748457280076,1557.4621110421165,61843.2,60655.0182815051,55185.0,49714.9817184949,12.316918560037422,30.44546565072552,-0.5649717514124242,4196122.0,-177420800.0,30.10779,0.0,0.0,0.0,3.4047839422575663,수,66.73653412099999,
2023-03-16,52200.0,52800.0,51300.0,51900.0,278293.0,-0.0170454545454545,597.9640867882335,1365.56250619134,61258.608,60528.06782828717,55250.0,49971.93217171283,5.78538702850589,15.802241847838138,-3.710575139146566,3917829.0,-250463700.0,33.17725,0.0,0.0,0.0,3.50186440007369,목,-92.242600369,
2023-03-17,53300.0,55800.0,53000.0,55100.0,499508.0,0.0616570327552985,562.0101977409649,1204.852044501265,60461.91936,60523.40091501232,55365.0,50206.59908498768,15.47858538149806,11.193630323347149,-5.000000000000004,4417337.0,1598425600.0,32.68381,0.0,0.0,0.0,3.486879848263611,금,727.057377205,74.975730826
2023-03-20,55500.0,55500.0,54200.0,54700.0,231373.0,-0.0072595281306715,495.5276898236916,1062.9871735657505,59728.9658112,60290.496802662485,55560.0,50829.50319733752,23.423423423423483,14.8957986111425,-4.869565217391303,4185964.0,-92549200.0,34.54296,0.0,0.0,0.0,3.603060105518306,월,330.8776256074333,38.87840433016666
2023-03-21,55600.0,57700.0,55500.0,56500.0,488702.0,0.0329067641681901,581.3829592352486,966.66633069965,59054.648546304,60343.60368509792,55725.0,51106.396314902086,37.237237237237295,25.379748680719636,-1.0507880910682998,4674666.0,879663600.0,39.13741,0.0,0.0,0.0,3.667078787065083,화,1054.0683252545,
2023-03-22,57000.0,57000.0,55400.0,55500.0,286518.0,-0.0176991150442478,562.25095710202,885.783255980124,58434.27666259968,60349.21610401618,55805.0,51260.78389598382,38.438438438438496,33.033033033033114,-2.9720279720279685,4388148.0,-286518000.0,37.76199,0.0,0.0,0.0,3.631303041159823,수,538.2713375049,
2023-03-23,54700.0,55900.0,53900.0,55200.0,329437.0,-0.0054054054054053,516.9224544950484,812.0110956831088,57863.53452959171,60354.15551349308,55840.0,51325.84448650692,39.93993993994,38.53853853853861,-7.226890756302517,4058711.0,-98831100.0,34.44193,0.0,0.0,0.0,3.5392747174783428,목,252.29627245,76.27501260300001
2023-03-24,55800.0,57700.0,55000.0,57300.0,441416.0,0.0380434782608696,643.0391837403586,778.2167132945588,51300.0,60495.46355244141,55965.0,51434.5364475586,42.3423423423424,40.24024024024032,-4.975124378109452,4500127.0,926973600.0,36.55364,0.0,0.0,0.0,3.598780770840355,금,81.2233973315,
2023-03-27,57200.0,57600.0,55400.0,56300.0,348097.0,-0.0174520069808028,654.7484253571602,753.523055707079,51428.0,60461.300266356106,56125.0,51788.69973364389,44.7447447447448,42.34234234234242,-3.595890410958902,4152030.0,-348097000.0,35.30838,0.0,0.0,0.0,3.529469867582288,월,104.7688641732333,
2023-03-28,56800.0,58100.0,56300.0,58000.0,441296.0,0.0301953818827709,792.0733477024405,761.2331141061513,51553.44,60613.50323917235,56330.0,52046.49676082765,57.57515757515764,48.22074822074831,0.8695652173912993,4593326.0,750203200.0,49.51527,0.0,0.0,0.0,3.902281106851462,화,154.746945555,
2023-03-29,57500.0,57900.0,56800.0,57600.0,250845.0,-0.0068965517241379,858.728790021938,780.7322492893087,51815.3024,60565.77255031328,56310.0,52054.22744968672,65.16689565470058,55.82893265820104,5.494505494505497,4342481.0,-100338000.0,53.58715,0.0,0.0,0.0,3.981309300528845,수,432.398648561,
2023-03-30,57700.0,57900.0,56200.0,57000.0,290373.0,-0.0104166666666666,853.3023839757079,795.2462762265885,52066.690304,60518.33202099717,56285.0,52051.66797900283,78.09305711027382,66.94503678004405,7.14285714285714,4052108.0,-174223800.0,79.85815,0.0,0.0,0.0,4.380251935827055,목,0.312378155,
2023-03-31,57000.0,57900.0,56200.0,56700.0,213198.0,-0.0052631578947368,815.3950586235223,799.2760327059752,52308.02269184,60486.504471157175,56265.0,52043.495528842825,80.0215208034434,74.42715785613929,7.3863636363636465,3838910.0,-63959400.0,89.09176,0.0,0.0,0.0,4.489666849841044,금,163.534223538,
2023-04-03,56500.0,57500.0,55500.0,55800.0,321418.0,-0.0158730158730159,704.6084640185509,780.3425189684904,52539.7017841664,60398.55801672821,56195.0,51991.44198327179,76.47058823529419,78.19505538300383,7.514450867052025,3517492.0,-289276200.0,59.19571,0.0,0.0,0.0,4.043434540342894,월,64.88832531533333,
2023-04-04,56200.0,57500.0,55600.0,57100.0,313690.0,0.0232974910394265,713.4838276298324,766.9707807007587,52762.11371279974,60023.60734943347,56075.0,52126.39265056653,76.96078431372557,77.81763111748775,3.62976406533575,3831182.0,407797000.0,55.07913,1012282.9065573472,253070.7266393368,4.0,17.094589206626107,화,150.180100048,
2023-04-05,57000.0,57400.0,56200.0,56600.0,199665.0,-0.0087565674255691,672.4205503722333,748.0607346350537,52975.62916428776,59345.37262824141,55890.0,52434.62737175859,74.01960784313734,75.8169934640524,3.4734917733089565,3631517.0,-99832500.0,46.35646,0.0,0.0,0.0,3.8363606566259474,수,85.651617936,85.651617936
2023-04-06,56600.0,59400.0,56300.0,57800.0,661967.0,0.0212014134275617,728.3120505222978,744.1109978125025,53180.60399771624,59237.21778983826,55860.0,52482.78221016174,75.5971479500892,75.5258467023174,2.300884955752202,4293484.0,794360400.0,46.44583,0.0,0.0,0.0,3.838286687279441,목,355.782241358,76.489229248
2023-04-07,58900.0,61500.0,57600.0,61500.0,688158.0,0.0640138408304498,1058.95853012109,807.0805042742201,53553.76775785327,60191.537244174375,56060.0,51928.462755825625,80.49910873440292,76.7052881758765,10.81081081081081,4981642.0,2546184600.0,62.14081,0.0,0.0,0.0,4.129402938962018,금,41.330991254,
2023-04-10,61700.0,62400.0,59700.0,60500.0,534574.0,-0.0162601626016259,1226.1720565290234,890.8988147251807,54189.46633722501,60853.65535465877,56355.0,51856.34464534123,82.85204991087352,79.64943553178857,9.601449275362327,4447068.0,-534574000.0,65.30739,0.0,0.0,0.0,4.066298420992079,월,22.23929408633333,
2023-04-11,60300.0,61200.0,59600.0,60600.0,300040.0,0.0016528925619834,1351.1835423867597,982.9557602574964,55010.519703502505,61340.57147057653,56725.0,52109.42852942347,85.49019607843145,82.94711824123597,5.759162303664911,4747108.0,30004000.0,44.68962,6967602.73578171,1741900.6839454274,4.0,18.81462272951815,화,95.631026518,
2023-04-12,61000.0,61500.0,59800.0,61200.0,292405.0,0.0099009900990099,1481.5921590287253,1082.6830400117424,55749.467733152254,61784.17018441876,57145.0,52505.82981558124,80.08479067302606,82.80901222077703,8.703374777975137,5039513.0,175443000.0,44.68963000000001,0.0,0.0,0.0,3.799741483653983,수,-96.265618702,
2023-04-13,61300.0,63700.0,61000.0,63100.0,776709.0,0.0310457516339868,1718.446862562705,1209.835804521935,56414.52095983703,62380.24330917654,57705.0,53029.75669082346,85.12613251096606,83.5670397541412,8.793103448275863,5816222.0,1475747100.0,53.268550000000005,43922726.73849344,10980681.68462336,4.0,20.83138822458413,목,366.903952248,
2023-04-14,63600.0,65900.0,62900.0,63100.0,735048.0,0.0,1884.4333469547053,1344.755313008489,57288.778444656586,63172.73124780705,58105.0,53037.26875219295,83.21059706601886,82.80717341667035,9.548611111111116,5816222.0,0.0,59.32781,864763.0364925875,108095.37956157344,8.0,16.537560194443333,금,445.625433094,
2023-04-17,64500.0,66200.0,63500.0,64100.0,580482.0,0.0158478605388272,2072.7767937352764,1490.3596091538466,58494.349462404665,64021.7880443432,58575.0,53128.2119556568,82.0739463966579,83.47022532454763,12.456140350877188,6396704.0,580482000.0,54.43416,0.0,0.0,0.0,4.402947457573542,월,304.344849192,
2023-04-18,64300.0,65800.0,62700.0,63000.0,404073.0,-0.017160686427457,2108.9686475521376,1614.0814168335048,59727.25354841992,64583.308895353126,58900.0,53216.69110464688,74.51473759884983,79.93309368717554,11.111111111111116,5992631.0,-444480300.0,67.23455,3199577.91965458,799894.479913645,4.0,18.444816397674245,화,126.534742129,
2023-04-19,62700.0,63400.0,61500.0,61800.0,290488.0,-0.019047619047619,2017.5637621089045,1694.7778858885847,60762.89298067273,64807.23568888151,59215.0,53622.764311118495,69.78193146417453,75.4568718198941,10.752688172043,5702143.0,-348585600.0,55.00921,470044.72358698415,117511.18089674604,4.0,16.32618343788722,수,99.956062103,
2023-04-20,61500.0,62000.0,59700.0,60300.0,499710.0,-0.0242718446601941,1803.2999485894688,1716.4822984287616,66200.0,64763.80770334548,59470.0,54176.19229665452,57.94392523364494,67.41353143222311,5.604203152364273,5202433.0,-749565000.0,51.37638,0.0,0.0,0.0,3.9391785337695087,목,37.292939695,
2023-04-21,59900.0,60300.0,58100.0,59000.0,363567.0,-0.0215588723051409,1511.175308953556,1675.4209005337204,66070.0,64760.56433059856,59555.0,54349.43566940144,45.27126315170759,57.66570661650904,4.240282685512375,4838866.0,-472637100.0,47.53372,0.0,0.0,0.0,3.861439353921356,금,193.324663738,
2023-04-24,59200.0,60700.0,58600.0,59900.0,237909.0,0.0152542372881356,1336.8762287948994,1607.7119661859565,65751.2,64722.29385538891,59735.0,54747.70614461109,37.978428260741865,47.06453888203148,3.633217993079585,5076775.0,214118100.0,44.65272,6516865.8099294575,814608.2262411822,2.6666666666666665,9.10114107145448,월,68.109679485,37.340972916
2023-04-25,59900.0,60200.0,58100.0,58500.0,252094.0,-0.023372287145242,1073.401151989172,1500.8498033465994,65445.152,64717.17661577636,59760.0,54802.82338422364,30.432564640111888,37.89408535085379,-4.878048780487809,4824681.0,-352931600.0,50.69642999999999,2680962.945839802,670240.7364599505,4.0,17.98564177641831,화,191.703017447,
2023-04-26,59000.0,62200.0,58600.0,61200.0,472518.0,0.0461538461538462,1070.1269333865202,1414.7052293545837,65151.34591999999,64831.38017332531,59940.0,55048.61982667469,33.694229112833845,34.035074004562546,1.1570247933884392,5297199.0,1275798600.0,50.45555,679210.9563687022,169802.73909217556,4.0,16.607879482194885,수,195.112526702,
2023-04-27,61200.0,61900.0,60600.0,61500.0,221506.0,0.0049019607843137,1079.2981076051074,1347.6238050046882,64869.2920832,64906.42383678152,60165.0,55423.57616321848,35.352665326825615,33.15981969325713,1.4851485148514865,5518705.0,66451800.0,50.52353,0.0,0.0,0.0,3.922439168358762,목,145.355562695,
2023-04-28,62100.0,63000.0,60500.0,61000.0,283354.0,-0.008130081300813,1034.2977670914042,1284.9585974220313,64598.520399872,64855.98033954574,60380.0,55904.01966045426,39.87941429801903,36.30876957922617,-0.3267973856209138,5235351.0,-141677000.0,49.36956,737629.4078684243,184407.35196710608,4.0,16.668630546436706,금,92.24873159500001,
2023-05-02,61000.0,64700.0,61000.0,64100.0,485632.0,0.0508196721311475,1234.5476682035587,1274.8764115783367,58100.0,65027.95405125074,60795.0,56562.04594874926,50.61728395061736,41.94978785848735,1.5847860538827252,5720983.0,1505459200.0,44.667280000000005,1653260.0284012214,413315.00710030535,2.0,10.895118128702805,화,514.3756670885,
2023-05-03,63700.0,66800.0,63500.0,66200.0,617903.0,0.032761310452418,1544.891064593954,1328.8793421814603,58232.0,65744.6635024215,61250.0,56755.33649757849,67.65999716191294,52.71889847018312,4.912836767036444,6338886.0,1297596300.0,42.24767,0.0,0.0,0.0,3.743549204353486,수,325.220905636,
2023-05-04,66600.0,66900.0,64300.0,65700.0,291624.0,-0.0075528700906344,1730.5459641637062,1409.2126665779094,58574.72,66065.034403534,61705.0,57344.96559646601,84.5137195711909,67.59700022790707,2.4960998439937487,6047262.0,-145812000.0,43.25204,6133474.495601044,1533368.623900261,4.0,18.65441603553001,목,290.0095525795,
2023-05-08,66100.0,66200.0,62600.0,63100.0,439054.0,-0.0395738203957382,1648.8733531238977,1457.1448038871072,59074.2368,65978.54088166755,61970.0,57961.45911833246,78.76175548589349,76.97849073966579,0.1587301587301581,5608208.0,-1141540400.0,43.533735,411411.18875860766,102852.79718965192,2.0,10.18710547540506,월,182.0267661135,
2023-05-09,63000.0,63500.0,61700.0,62200.0,180415.0,-0.0142630744849445,1494.2993888833223,1464.5757208863502,59543.782592,66008.73575551635,62005.0,58001.26424448366,63.25757575757583,75.51101693822008,0.6472491909385036,5427793.0,-162373500.0,36.64107,38225193.881239645,9556298.470309911,4.0,20.31827481070956,화,75.29919296,
2023-05-10,62600.0,65100.0,62200.0,65000.0,409502.0,0.045016077170418,1579.527201642035,1487.5660170374872,59985.15563648,66373.47680094869,62230.0,58086.523199051306,60.60606060606068,67.54179728317668,7.794361525704807,5837295.0,1146605600.0,36.43319,1441757.5492935125,360439.3873233781,4.0,17.034953306446884,수,483.9903432275,
2023-05-11,66000.0,67500.0,62500.0,66700.0,928650.0,0.0261538461538461,1763.9133546394078,1542.8354845578713,60400.0462982912,67036.2331643673,62535.0,58033.76683563271,72.16312056737597,65.3422523103375,13.050847457627125,6765945.0,1578705000.0,41.2569,9337248.206270678,1167156.0257838347,8.0,18.55361173862541,목,342.4110520865,
2023-05-12,72500.0,79500.0,71300.0,78100.0,4473376.0,0.1709145427286356,2797.6755730317677,1793.8035022526506,60968.04259442791,71473.3552992563,63380.0,55286.6447007437,87.78546551215082,73.5182155618625,30.38397328881468,11239321.0,50996486400.0,54.85767,1575669.531291335,393917.38282283366,4.0,17.533032538407674,금,2654.51239611,688.966040181
2023-05-15,77700.0,79800.0,77300.0,77700.0,1034825.0,-0.0051216389244558,3543.8120623929426,2143.805214280709,62500.0,74326.04620193155,64110.0,53893.95379806845,91.7566287575076,83.90173827901147,32.82051282051282,10204496.0,-413930000.0,39.89897,0.0,0.0,0.0,3.687532385778852,월,304.001788188,44.534178655
2023-05-16,79200.0,86400.0,79000.0,85000.0,2684371.0,0.0939510939510939,4670.342792662894,2649.1127299571463,64576.0,78866.84101795948,65205.0,51543.15898204052,92.94450936798803,90.82886787921548,38.888888888888886,12888867.0,19595908300.0,51.51624,22656635.913708538,5664158.978427134,4.0,20.135960127474224,화,313.1864435275,
2023-05-17,83800.0,92900.0,83600.0,91300.0,1907723.0,0.0741176470588236,6002.293162046335,3319.748816374984,67631.36,84318.67849207594,66565.0,48811.32150792405,93.57028704888684,92.75714172479417,48.455284552845534,14796590.0,12018654900.0,59.46184,458314.58382690494,114578.64595672624,4.0,16.37874554022935,수,604.346957735,
2023-05-18,90600.0,95400.0,90000.0,92600.0,1062530.0,0.0142387732749178,7081.145523676692,4072.0281578353256,71674.3424,89008.155773881,68045.0,47081.84422611901,94.121785955132,93.5455274573356,51.80327868852459,15859120.0,1381289000.0,65.3618,0.0,0.0,0.0,4.179937989952217,목,834.9578160645,
2023-05-19,93300.0,94200.0,89500.0,92000.0,1099330.0,-0.0064794816414687,7797.840160011852,4817.190558270631,75944.96076799999,92734.77351054148,69555.0,46375.22648945853,92.5234113293292,93.40516144444932,43.5257410296412,14759790.0,-659598000.0,51.118,1538045.8114320657,384511.4528580164,4.0,17.438259587045177,금,126.270257335,
2023-05-22,92200.0,93300.0,89700.0,90800.0,624234.0,-0.0130434782608696,8174.762280673181,5488.704902751141,79446.86782976,95598.12390865172,71080.0,46561.87609134826,89.62095466560056,92.08871731668724,37.16012084592144,14135556.0,-749080800.0,41.13256,0.0,0.0,0.0,3.725393673791516,월,174.9111893555,
2023-05-23,90900.0,94600.0,90200.0,92800.0,682324.0,0.0220264317180616,8536.456109901585,6098.25514418123,82318.4316204032,98360.6310981187,72770.0,47179.3689018813,89.72355103391585,90.62263900961518,41.248097412480966,14817880.0,1364648000.0,49.85912,2304606.2812538147,576151.5703134537,4.0,17.81772152400953,화,194.485813601,94.53176336
2023-05-24,93700.0,94000.0,90300.0,92600.0,521698.0,-0.0021551724137931,8706.598499070256,6619.923815159035,84673.11392873061,100667.25237865176,74405.0,48142.74762134824,90.2013893681136,89.84863168921,46.75118858954042,14296182.0,-104339600.0,46.81882,541559.2177400262,135389.80443500655,4.0,16.30659264339277,수,-53.47611125199998,
2023-05-25,91600.0,93600.0,90800.0,91300.0,392083.0,-0.0140388768898488,8636.976741307022,7023.334400388632,86603.9534215591,102225.94536108276,76045.0,49864.05463891725,90.60336300692391,90.1761011363178,46.784565916398726,13904099.0,-509707900.0,39.33362,0.0,0.0,0.0,3.67207962390659,목,62.6450151395,
2023-05-26,90900.0,95000.0,90600.0,92000.0,658129.0,0.0076670317634173,8539.843150565954,7326.636150424097,88187.24180567847,103715.30998668022,77585.0,51454.69001331978,89.81206726013856,90.2056065450587,41.53846153846155,14562228.0,460690300.0,38.64786,378262.52396348526,94565.63099087132,4.0,15.75593483259084,금,349.037244277,
2023-05-30,92700.0,96500.0,91500.0,95200.0,746238.0,0.0347826086956521,8621.691839864929,7585.647288312263,89485.53828065634,105380.31213907638,79270.0,53159.68786092361,91.31823988603504,90.57789005103253,42.72863568215893,15308466.0,2387961600.0,40.384635,755289.6330686059,188822.40826715148,2.0,10.426539158625474,화,175.11084468916667,92.274376099
2023-05-31,94300.0,97000.0,92000.0,93900.0,575340.0,-0.0136554621848739,8483.8617036762,7765.290171385051,90600.0,106350.66590439496,80915.0,55479.334095605045,92.3784615061844,91.169589550786,20.23047375160052,14733126.0,-747942000.0,36.96551,167475.44080645096,41868.86020161274,4.0,14.896676999595934,수,43.950217309,
2023-06-01,94200.0,96800.0,93400.0,94700.0,521602.0,0.0085197018104365,8343.010608899553,7880.834258887951,91500.0,107326.03494632004,82445.0,57563.965053679945,92.75832964921804,92.15167701381247,21.879021879021888,15254728.0,417281600.0,37.5483,0.0,0.0,0.0,3.6256281042159175,목,680.4806990760001,
2023-06-02,94800.0,94800.0,90800.0,92200.0,527083.0,-0.0263991552270327,7938.149943659737,7892.297395842308,97000.0,107798.23055225638,83745.0,59691.769447743616,85.89986472590282,90.34555196043507,8.47058823529412,14727645.0,-1317707500.0,42.35063,332887.2599740493,83221.81499351232,4.0,15.7196421364237,금,443.8245672735,
2023-06-05,92300.0,92600.0,90200.0,91100.0,426092.0,-0.0119305856832971,7442.738881791956,7802.385693032238,96876.0,107770.24335180796,85015.0,62259.75664819205,77.96910788210249,85.5424340857411,-0.2190580503833472,14301553.0,-468701200.0,36.02912,0.0,0.0,0.0,3.587290033470918,월,115.0645202425,
2023-06-07,89100.0,89700.0,84300.0,84600.0,1359180.0,-0.0713501646542261,6451.260256319569,7532.160605689704,96608.96,106514.48530563257,86090.0,65665.51469436745,50.10647551862804,71.32514937554446,-8.639308855291572,12942373.0,-8834670000.0,67.59104500000001,0.0,0.0,0.0,4.180679798185311,수,182.3628675985,
2023-06-08,83700.0,84500.0,81200.0,81900.0,1201778.0,-0.0319148936170212,5385.557512643834,7102.839987080531,95870.4224,104471.65197674542,87075.0,69678.34802325458,26.371762845407364,51.48244874871264,-10.978260869565217,11740595.0,-3244800600.0,51.38025999999999,0.0,0.0,0.0,3.939254052003695,목,0.06388382799999999,
2023-06-09,82900.0,86000.0,81800.0,83700.0,953804.0,0.0219780219780219,4632.821089391975,6608.83620754282,94696.788608,102291.5825453624,88010.0,73728.4174546376,9.238617041375484,28.57228513513696,-7.819383259911894,12694399.0,1716847200.0,40.18259,0.0,0.0,0.0,3.69343381723965,금,292.3457058375,
2023-06-12,84100.0,84600.0,82100.0,83300.0,417504.0,-0.0047789725209079,3958.365816594742,6078.742129353204,93617.04551936,99555.48412345424,88840.0,78124.51587654576,11.1814345991562,15.597271495313016,-10.237068965517238,12276895.0,-167001600.0,32.56141,0.0,0.0,0.0,3.631775943200567,월,215.087515062,
2023-06-13,83000.0,86000.0,82100.0,83600.0,443996.0,0.0036014405762305,3408.768485296692,5544.747400541902,92623.6818778112,98960.86715327809,89115.0,79269.13284672193,14.767932489451558,11.729328043327746,-9.719222462203025,12720891.0,133198800.0,41.92907,1358049.899478062,339512.4748695155,4.0,17.115639398769137,화,2.469668213499986,
2023-06-14,83400.0,85400.0,81100.0,81900.0,675265.0,-0.020334928229665,2803.7133854443964,4996.5405975224,91709.78732758632,98331.41438087322,89325.0,80318.58561912678,11.170819733036195,12.373395607214649,-10.29572836801752,12045626.0,-1147950500.0,39.31809,0.0,0.0,0.0,3.671684718310721,수,261.3284434145,
2023-06-15,82900.0,84800.0,82800.0,83300.0,423994.0,0.017094017094017,2409.39712903084,4479.111903824089,90648.80859482769,98438.13024478345,89240.0,80041.86975521655,11.352599315341216,12.430450512609656,-9.45652173913043,12469620.0,593591600.0,37.9757,2995027.5250331247,748756.8812582812,4.0,17.80751014771043,목,99.933905514,
2023-06-16,84200.0,84200.0,82000.0,82600.0,288529.0,-0.0084033613445377,2017.1619181195856,3986.721906683188,89693.92773534491,98387.1657259724,88805.0,79222.83427402761,9.433962264151026,10.652460437509475,-13.235294117647056,12181091.0,-201970300.0,36.5925,246219.98372977163,61554.99593244291,4.0,15.271923645898571,금,305.953558792,
2023-06-19,83100.0,83100.0,80800.0,82000.0,284053.0,-0.0072639225181597,1639.00428087436,3517.1783815214226,88834.53496181042,98127.68998801852,88275.0,78422.31001198149,10.225949219659991,10.33750359971741,-12.6730564430245,11897038.0,-170431800.0,34.67119,0.0,0.0,0.0,3.582460781087212,월,243.9276854151667,
2023-06-20,82100.0,84400.0,81500.0,82200.0,294198.0,0.0024390243902439,1340.0032342477643,3081.743352066691,87870.39076639317,97820.9902351487,87785.0,77749.0097648513,8.494448326733524,9.384786603514849,-13.199577613516366,12191236.0,58839600.0,42.4633,1121564.7133446,280391.17833615,4.0,16.93697519363287,화,169.185465983,
2023-06-21,82900.0,84400.0,80400.0,80800.0,449191.0,-0.0170316301703162,978.7915511728352,2661.15299188792,87021.943874426,97660.98670006858,87285.0,76909.01329993142,6.16280236876451,8.294399971719342,-12.364425162689807,11742045.0,-628867400.0,46.28653,166960.18809193885,41740.04702298471,4.0,15.11846134475888,수,74.912883354,
2023-06-22,80000.0,81700.0,79200.0,79300.0,415328.0,-0.0185643564356435,564.9785054454842,2241.9180945994326,86094.87173200636,97216.95997918348,86610.0,76003.04002081652,3.907341779970587,6.188197491822873,-12.952799121844128,11326717.0,-622992000.0,41.659020000000005,657369.4184825047,82171.17731031308,8.0,15.909790556941344,목,159.1794360184,
2023-06-23,80100.0,80100.0,77200.0,78000.0,335204.0,-0.0163934426229508,130.62380004148872,1819.659235687844,84991.69225488535,96743.99558173696,85880.0,75016.00441826305,2.758285075358327,4.276143074697807,-7.801418439716312,10991513.0,-435765200.0,41.18889,678034.7677977454,169508.69194943635,4.0,16.403222091742943,금,72.412365533,
2023-06-26,77600.0,78700.0,76600.0,77200.0,219672.0,-0.0102564102564102,-274.9888472128223,1400.7296191077107,83589.18764900598,96365.6880932318,85175.0,73984.3119067682,3.4719945025289345,3.3792071192859487,-5.7387057387057405,10771841.0,-175737600.0,36.15345,0.0,0.0,0.0,3.5581567944336654,월,282.3962256825,
2023-06-27,76800.0,80400.0,76500.0,78900.0,438592.0,0.0220207253886011,-454.0302221589373,1029.7776508543811,82191.35011920478,95568.72843362528,84520.0,73471.27156637471,11.679371920432668,5.969883832773308,-5.734767025089605,11210433.0,745606400.0,36.76734,2716231.2461293386,679057.8115323347,4.0,17.677465543719357,화,,
2023-06-28,80000.0,80200.0,78100.0,78500.0,246068.0,-0.0050697084917616,-621.0395019924035,699.6142202850242,81053.08009536382,93869.3556497208,83685.0,73500.6443502792,16.965314048480057,10.705560157147218,-5.762304921968786,10964365.0,-98427200.0,37.15977,0.0,0.0,0.0,3.61522672447546,수,,
2023-06-29,78900.0,81800.0,76800.0,78400.0,370929.0,-0.0012738853503184,-752.7870630927791,409.13396360946354,76500.0,92185.53772026184,82910.0,73634.46227973817,22.10526315789481,16.916649708935847,-6.220095693779904,10593436.0,-37092900.0,38.06506,0.0,0.0,0.0,3.639296801008083,목,,
2023-06-30,78800.0,79800.0,76800.0,76900.0,302507.0,-0.0191326530612244,-967.0874364552728,133.88968359651625,76606.0,89912.42674973927,82020.0,74127.57325026073,15.087719298245691,18.05276550154019,-6.1050061050061055,10290929.0,-453760500.0,34.39338,293869.50468924746,73467.37617231187,4.0,15.386854876584524,금,,
